{"cameraMode":{"drawMode":0,"name":"Shaded","section":"Shading Mode"},"sceneLighting":true,"audioPlay":false,"sceneViewState":{"m_AlwaysRefresh":false,"showFog":true,"showSkybox":true,"showFlares":true,"showImageEffects":true,"showParticleSystems":true,"showVisualEffectGraphs":true,"m_FxEnabled":true},"in2DMode":false,"pivot":{"x":-15.785561561584473,"y":1.3859083652496338,"z":9.324115753173829},"rotation":{"x":-0.15759730339050294,"y":0.11290040612220764,"z":-0.018138093873858453,"w":-0.9808701872825623},"size":4.838647365570068,"orthographic":false}