{"cameraMode":{"drawMode":0,"name":"Shaded","section":"Shading Mode"},"sceneLighting":true,"audioPlay":false,"sceneViewState":{"m_AlwaysRefresh":false,"showFog":true,"showSkybox":true,"showFlares":true,"showImageEffects":true,"showParticleSystems":true,"showVisualEffectGraphs":true,"m_FxEnabled":true},"in2DMode":false,"pivot":{"x":-10.91126537322998,"y":2.837122678756714,"z":8.242929458618164},"rotation":{"x":-0.007809229660779238,"y":-0.005402130540460348,"z":0.000046890752855688334,"w":-0.9999617338180542},"size":4.51026725769043,"orthographic":false}