{"cameraMode":{"drawMode":0,"name":"Shaded","section":"Shading Mode"},"sceneLighting":true,"audioPlay":false,"sceneViewState":{"m_AlwaysRefresh":false,"showFog":true,"showSkybox":true,"showFlares":true,"showImageEffects":true,"showParticleSystems":true,"showVisualEffectGraphs":true,"m_FxEnabled":true},"in2DMode":false,"pivot":{"x":5.377933979034424,"y":7.664641380310059,"z":11.719103813171387},"rotation":{"x":-0.006309259682893753,"y":0.0065981242805719379,"z":-0.00003928881051251665,"w":-0.9999657869338989},"size":12.12435531616211,"orthographic":false}