{"cameraMode":{"drawMode":0,"name":"Shaded","section":"Shading Mode"},"sceneLighting":true,"audioPlay":false,"sceneViewState":{"m_AlwaysRefresh":false,"showFog":true,"showSkybox":true,"showFlares":true,"showImageEffects":true,"showParticleSystems":true,"showVisualEffectGraphs":true,"m_FxEnabled":true},"in2DMode":false,"pivot":{"x":-6.264999866485596,"y":2.2200002670288088,"z":3.747499942779541},"rotation":{"x":-0.04678872227668762,"y":-0.012888249941170216,"z":0.0006030316581018269,"w":-0.9988360404968262},"size":7.828417778015137,"orthographic":false}