{"cameraMode":{"drawMode":0,"name":"Shaded","section":"Shading Mode"},"sceneLighting":false,"audioPlay":false,"sceneViewState":{"m_AlwaysRefresh":false,"showFog":true,"showSkybox":false,"showFlares":true,"showImageEffects":true,"showParticleSystems":true,"showVisualEffectGraphs":true,"m_FxEnabled":true},"in2DMode":false,"pivot":{"x":-8.600000381469727,"y":23.444171905517579,"z":-109.66000366210938},"rotation":{"x":-0.04678872227668762,"y":-0.012888249941170216,"z":0.0006030316581018269,"w":-0.9988360404968262},"size":6.452150344848633,"orthographic":false}